{"cameraMode":{"drawMode":0,"name":"Shaded","section":"Shading Mode"},"sceneLighting":true,"audioPlay":false,"sceneViewState":{"showFog":true,"showMaterialUpdate":false,"showSkybox":true,"showFlares":true,"showImageEffects":true,"showParticleSystems":true},"in2DMode":false,"pivot":{"x":3.055562734603882,"y":9.557045936584473,"z":-4.588201522827148},"rotation":{"x":-0.0001639572874410078,"y":0.9997147917747498,"z":0.007188521325588226,"w":0.022798337042331697},"size":15.659811973571778,"orthographic":false}