{"cameraMode":{"drawMode":0,"name":"Shaded","section":"Shading Mode"},"sceneLighting":true,"audioPlay":false,"sceneViewState":{"showFog":true,"showMaterialUpdate":false,"showSkybox":true,"showFlares":true,"showImageEffects":true,"showParticleSystems":true},"in2DMode":false,"pivot":{"x":17.702428817749025,"y":9.08755874633789,"z":0.8452959060668945},"rotation":{"x":-0.16374541819095612,"y":-0.24375340342521668,"z":0.041798125952482226,"w":-0.9550096392631531},"size":2.815985679626465,"orthographic":false}